{
 "phase": "B",
 "config": {
  "fc_ghz": 5.8,
  "bw_mhz": 78.12,
  "n_slow": 2803,
  "subsampled": false,
  "n_symbols_full": 2803,
  "K": 2604,
  "prf_hz": 28029.19708029197,
  "range_res_m": 1.9187945340501793,
  "rcs_gap_db": 46.0,
  "noise_snr_db": 18.0,
  "rho_sparse": 0.012,
  "rho_dense": 0.16
 },
 "gt_strong": {
  "range_m": 31.32562239547955,
  "round_trip_m": 62.6512447909591,
  "delay_s": 2.089820578173421e-07,
  "doppler_hz": -293.6361020625127,
  "v_radial_ms": 7.58946638440411,
  "Rtx": 31.622776601683793,
  "Rrx": 31.628468189275306,
  "baseline_m": 0.6,
  "subsampled": false,
  "n_symbols_full": 2803,
  "n_slow": 2803,
  "prf_hz": 28029.19708029197,
  "doppler_res_hz": 9.99971354987227
 },
 "gt_weak": {
  "range_m": 95.56021071914316,
  "round_trip_m": 191.12042143828631,
  "delay_s": 6.375091045095148e-07,
  "doppler_hz": -508.59191517615295,
  "v_radial_ms": 13.144268422412521,
  "Rtx": 95.85927185202274,
  "Rrx": 95.86114958626356,
  "baseline_m": 0.6,
  "subsampled": false,
  "n_symbols_full": 2803,
  "n_slow": 2803,
  "prf_hz": 28029.19708029197,
  "doppler_res_hz": 9.99971354987227
 },
 "roundtrip": {
  "ok": true,
  "cells": [
   {
    "target": [
     20,
     37
    ],
    "peak": [
     20,
     37
    ],
    "ok": true
   },
   {
    "target": [
     5,
     100
    ],
    "peak": [
     5,
     100
    ],
    "ok": true
   },
   {
    "target": [
     50,
     3
    ],
    "peak": [
     50,
     3
    ],
    "ok": true
   },
   {
    "target": [
     33,
     64
    ],
    "peak": [
     33,
     64
    ],
    "ok": true
   }
  ]
 },
 "r1_check": {
  "n_slow_a": 2803,
  "n_slow_b": 256,
  "invariant": false,
  "a": {
   "fft_weak": false,
   "omp_weak": true
  },
  "b": {
   "fft_weak": false,
   "omp_weak": false
  }
 },
 "results": {
  "sparse": {
   "rho": 0.012,
   "realised": 0.011975456404236627,
   "n_atoms": 2,
   "fft_finds_weak": false,
   "fft_weak_snr_db": 6.886802058070494,
   "omp_finds_weak": true,
   "fft_finds_strong": true,
   "omp_finds_strong": true
  },
  "dense": {
   "rho": 0.16,
   "realised": 0.15978998253462248,
   "n_atoms": 2,
   "fft_finds_weak": true,
   "fft_weak_snr_db": 19.81726300914793,
   "omp_finds_weak": true,
   "fft_finds_strong": true,
   "omp_finds_strong": true
  }
 },
 "gate": {
  "roundtrip_ok": true,
  "sparse_fft_misses_weak": true,
  "sparse_omp_finds_weak": true,
  "dense_fft_finds_weak": true,
  "r1_invariant": false,
  "gate_pass": true
 }
}