{
  "wifi_preamble|128": {
    "pd": 0.25,
    "scr": 9.12048042038245,
    "cpi_ms": 10.48576
  },
  "lte_crs|128": {
    "pd": 0.0,
    "scr": 6.4460727619782,
    "cpi_ms": 10.48576
  },
  "5g_ssb_sparse|128": {
    "pd": 0.0,
    "scr": -1.2645980193796735,
    "cpi_ms": 10.48576
  },
  "5g_dmrs_prs_rich|128": {
    "pd": 0.25,
    "scr": 10.407465472214742,
    "cpi_ms": 10.48576
  },
  "wifi_preamble|256": {
    "pd": 0.6875,
    "scr": 11.507455979564003,
    "cpi_ms": 20.97152
  },
  "lte_crs|256": {
    "pd": 0.0625,
    "scr": 7.738443519336536,
    "cpi_ms": 20.97152
  },
  "5g_ssb_sparse|256": {
    "pd": 0.0,
    "scr": 1.1501514337639849,
    "cpi_ms": 20.97152
  },
  "5g_dmrs_prs_rich|256": {
    "pd": 1.0,
    "scr": 13.325409301927845,
    "cpi_ms": 20.97152
  },
  "wifi_preamble|512": {
    "pd": 1.0,
    "scr": 15.286149314539024,
    "cpi_ms": 41.94304
  },
  "lte_crs|512": {
    "pd": 0.375,
    "scr": 9.434277645336966,
    "cpi_ms": 41.94304
  },
  "5g_ssb_sparse|512": {
    "pd": 0.0,
    "scr": 2.8917242022705603,
    "cpi_ms": 41.94304
  },
  "5g_dmrs_prs_rich|512": {
    "pd": 1.0,
    "scr": 17.626575594558567,
    "cpi_ms": 41.94304
  },
  "wifi_preamble|1024": {
    "pd": 1.0,
    "scr": 18.610898588741204,
    "cpi_ms": 83.88608
  },
  "lte_crs|1024": {
    "pd": 0.9375,
    "scr": 12.96158163905466,
    "cpi_ms": 83.88608
  },
  "5g_ssb_sparse|1024": {
    "pd": 0.0,
    "scr": 3.448021559433658,
    "cpi_ms": 83.88608
  },
  "5g_dmrs_prs_rich|1024": {
    "pd": 1.0,
    "scr": 20.2591936953934,
    "cpi_ms": 83.88608
  },
  "wifi_preamble|2048": {
    "pd": 1.0,
    "scr": 20.799793616262512,
    "cpi_ms": 167.77216
  },
  "lte_crs|2048": {
    "pd": 1.0,
    "scr": 14.81458978648287,
    "cpi_ms": 167.77216
  },
  "5g_ssb_sparse|2048": {
    "pd": 0.0,
    "scr": 3.58625538093925,
    "cpi_ms": 167.77216
  },
  "5g_dmrs_prs_rich|2048": {
    "pd": 1.0,
    "scr": 22.49142182594182,
    "cpi_ms": 167.77216
  }
}