{
  "wifi_preamble|-34.0": {
    "mode": "wifi_preamble",
    "known_fraction": 0.18421052631578946,
    "scr_db_mean": 11.168672774817722,
    "scr_db_std": 1.4006792482000772,
    "psl_db_mean": 0.046133991787606944,
    "pd": 0.625,
    "far": 9.701301155382788e-06,
    "peakR_std": 0.0,
    "peakD_std": 0.0,
    "n_trials": 24,
    "snr_db": -34.0
  },
  "lte_crs|-34.0": {
    "mode": "lte_crs",
    "known_fraction": 0.04772065815172697,
    "scr_db_mean": 6.113345181632245,
    "scr_db_std": 2.980447500866285,
    "psl_db_mean": -4.686839652099447,
    "pd": 0.08333333333333333,
    "far": 1.3497462477054314e-05,
    "peakR_std": 1.0525400633236182,
    "peakD_std": 10.8368318424977,
    "n_trials": 24,
    "snr_db": -34.0
  },
  "5g_ssb_sparse|-34.0": {
    "mode": "5g_ssb_sparse",
    "known_fraction": 0.002055921052631579,
    "scr_db_mean": 2.396733077908775,
    "scr_db_std": 2.8010164973177973,
    "psl_db_mean": -6.757453137364281,
    "pd": 0.0,
    "far": 0.0,
    "peakR_std": 2.987496984649397,
    "peakD_std": 18.182402072075135,
    "n_trials": 24,
    "snr_db": -34.0
  },
  "5g_dmrs_prs_rich|-34.0": {
    "mode": "5g_dmrs_prs_rich",
    "known_fraction": 0.2850877192982456,
    "scr_db_mean": 13.491679778900398,
    "scr_db_std": 1.0856929519348748,
    "psl_db_mean": 2.8438575028551583,
    "pd": 1.0,
    "far": 9.701301155382788e-06,
    "peakR_std": 0.0,
    "peakD_std": 0.0,
    "n_trials": 24,
    "snr_db": -34.0
  },
  "wifi_preamble|-30.0": {
    "mode": "wifi_preamble",
    "known_fraction": 0.18421052631578946,
    "scr_db_mean": 15.234563244847818,
    "scr_db_std": 0.8772621110004555,
    "psl_db_mean": 0.9541809052308875,
    "pd": 1.0,
    "far": 9.701301155382788e-06,
    "peakR_std": 0.0,
    "peakD_std": 0.0,
    "n_trials": 24,
    "snr_db": -30.0
  },
  "lte_crs|-30.0": {
    "mode": "lte_crs",
    "known_fraction": 0.04772065815172697,
    "scr_db_mean": 9.676803135077925,
    "scr_db_std": 2.2118561109888515,
    "psl_db_mean": -1.1227491670470462,
    "pd": 0.4166666666666667,
    "far": 1.3075666774646367e-05,
    "peakR_std": 0.0,
    "peakD_std": 0.0,
    "n_trials": 24,
    "snr_db": -30.0
  },
  "5g_ssb_sparse|-30.0": {
    "mode": "5g_ssb_sparse",
    "known_fraction": 0.002055921052631579,
    "scr_db_mean": 2.8114298960352673,
    "scr_db_std": 2.7667414188139485,
    "psl_db_mean": -6.343728012959558,
    "pd": 0.0,
    "far": 0.0,
    "peakR_std": 2.9107799583989307,
    "peakD_std": 18.100805241156216,
    "n_trials": 24,
    "snr_db": -30.0
  },
  "5g_dmrs_prs_rich|-30.0": {
    "mode": "5g_dmrs_prs_rich",
    "known_fraction": 0.2850877192982456,
    "scr_db_mean": 17.42813337936438,
    "scr_db_std": 0.6857964385688741,
    "psl_db_mean": 6.780330466037913,
    "pd": 1.0,
    "far": 9.701301155382788e-06,
    "peakR_std": 0.0,
    "peakD_std": 0.0,
    "n_trials": 24,
    "snr_db": -30.0
  },
  "wifi_preamble|-26.0": {
    "mode": "wifi_preamble",
    "known_fraction": 0.18421052631578946,
    "scr_db_mean": 19.28065955904711,
    "scr_db_std": 0.5493883712847281,
    "psl_db_mean": 1.0199068496718784,
    "pd": 1.0,
    "far": 9.701301155382788e-06,
    "peakR_std": 0.0,
    "peakD_std": 0.0,
    "n_trials": 24,
    "snr_db": -26.0
  },
  "lte_crs|-26.0": {
    "mode": "lte_crs",
    "known_fraction": 0.04772065815172697,
    "scr_db_mean": 13.657230534220412,
    "scr_db_std": 1.4173582911783662,
    "psl_db_mean": 2.6900646128706414,
    "pd": 1.0,
    "far": 1.3075666774646367e-05,
    "peakR_std": 0.0,
    "peakD_std": 0.0,
    "n_trials": 24,
    "snr_db": -26.0
  },
  "5g_ssb_sparse|-26.0": {
    "mode": "5g_ssb_sparse",
    "known_fraction": 0.002055921052631579,
    "scr_db_mean": 3.928098965729649,
    "scr_db_std": 2.5811328498052144,
    "psl_db_mean": -5.245445826529117,
    "pd": 0.0,
    "far": 0.0,
    "peakR_std": 2.8702942599010357,
    "peakD_std": 12.837696058869447,
    "n_trials": 24,
    "snr_db": -26.0
  },
  "5g_dmrs_prs_rich|-26.0": {
    "mode": "5g_dmrs_prs_rich",
    "known_fraction": 0.2850877192982456,
    "scr_db_mean": 21.390790674591937,
    "scr_db_std": 0.4336175827353543,
    "psl_db_mean": 10.644212122465035,
    "pd": 1.0,
    "far": 8.857709750566894e-06,
    "peakR_std": 0.0,
    "peakD_std": 0.0,
    "n_trials": 24,
    "snr_db": -26.0
  },
  "wifi_preamble|-22.0": {
    "mode": "wifi_preamble",
    "known_fraction": 0.18421052631578946,
    "scr_db_mean": 23.309691205147754,
    "scr_db_std": 0.34488654866810786,
    "psl_db_mean": 1.025295243410475,
    "pd": 1.0,
    "far": 9.701301155382788e-06,
    "peakR_std": 0.0,
    "peakD_std": 0.0,
    "n_trials": 24,
    "snr_db": -22.0
  },
  "lte_crs|-22.0": {
    "mode": "lte_crs",
    "known_fraction": 0.04772065815172697,
    "scr_db_mean": 17.63195871999869,
    "scr_db_std": 0.9062004015519101,
    "psl_db_mean": 5.027645654254184,
    "pd": 1.0,
    "far": 1.3075666774646367e-05,
    "peakR_std": 0.0,
    "peakD_std": 0.0,
    "n_trials": 24,
    "snr_db": -22.0
  },
  "5g_ssb_sparse|-22.0": {
    "mode": "5g_ssb_sparse",
    "known_fraction": 0.002055921052631579,
    "scr_db_mean": 6.058708143910891,
    "scr_db_std": 2.2751287166785716,
    "psl_db_mean": -3.1821795568018474,
    "pd": 0.0,
    "far": 0.0,
    "peakR_std": 2.859401263261575,
    "peakD_std": 13.729209662561868,
    "n_trials": 24,
    "snr_db": -22.0
  },
  "5g_dmrs_prs_rich|-22.0": {
    "mode": "5g_dmrs_prs_rich",
    "known_fraction": 0.2850877192982456,
    "scr_db_mean": 25.36801347633811,
    "scr_db_std": 0.2743684841450547,
    "psl_db_mean": 12.75794933710298,
    "pd": 1.0,
    "far": 8.857709750566894e-06,
    "peakR_std": 0.0,
    "peakD_std": 0.0,
    "n_trials": 24,
    "snr_db": -22.0
  },
  "wifi_preamble|-18.0": {
    "mode": "wifi_preamble",
    "known_fraction": 0.18421052631578946,
    "scr_db_mean": 27.3245390605552,
    "scr_db_std": 0.21741782224554695,
    "psl_db_mean": 1.0222794801901272,
    "pd": 1.0,
    "far": 9.701301155382788e-06,
    "peakR_std": 0.0,
    "peakD_std": 0.0,
    "n_trials": 24,
    "snr_db": -18.0
  },
  "lte_crs|-18.0": {
    "mode": "lte_crs",
    "known_fraction": 0.04772065815172697,
    "scr_db_mean": 21.60890632279553,
    "scr_db_std": 0.5778532175844799,
    "psl_db_mean": 5.493018625984424,
    "pd": 1.0,
    "far": 1.3075666774646367e-05,
    "peakR_std": 0.0,
    "peakD_std": 0.0,
    "n_trials": 24,
    "snr_db": -18.0
  },
  "5g_ssb_sparse|-18.0": {
    "mode": "5g_ssb_sparse",
    "known_fraction": 0.002055921052631579,
    "scr_db_mean": 9.108872164789297,
    "scr_db_std": 1.8438058892125837,
    "psl_db_mean": -0.9879112703970215,
    "pd": 0.0,
    "far": 0.0,
    "peakR_std": 2.8015182357834876,
    "peakD_std": 6.589541416079601,
    "n_trials": 24,
    "snr_db": -18.0
  },
  "5g_dmrs_prs_rich|-18.0": {
    "mode": "5g_dmrs_prs_rich",
    "known_fraction": 0.2850877192982456,
    "scr_db_mean": 29.353190950702437,
    "scr_db_std": 0.1741750226628631,
    "psl_db_mean": 13.543642908456883,
    "pd": 1.0,
    "far": 8.857709750566894e-06,
    "peakR_std": 0.0,
    "peakD_std": 0.0,
    "n_trials": 24,
    "snr_db": -18.0
  },
  "wifi_preamble|-14.0": {
    "mode": "wifi_preamble",
    "known_fraction": 0.18421052631578946,
    "scr_db_mean": 31.32407321717368,
    "scr_db_std": 0.1382868906950629,
    "psl_db_mean": 1.01464587854918,
    "pd": 1.0,
    "far": 9.701301155382788e-06,
    "peakR_std": 0.0,
    "peakD_std": 0.0,
    "n_trials": 24,
    "snr_db": -14.0
  },
  "lte_crs|-14.0": {
    "mode": "lte_crs",
    "known_fraction": 0.04772065815172697,
    "scr_db_mean": 25.589824629775574,
    "scr_db_std": 0.36776777811970873,
    "psl_db_mean": 5.736380917792469,
    "pd": 1.0,
    "far": 1.2653871072238419e-05,
    "peakR_std": 0.0,
    "peakD_std": 0.0,
    "n_trials": 24,
    "snr_db": -14.0
  },
  "5g_ssb_sparse|-14.0": {
    "mode": "5g_ssb_sparse",
    "known_fraction": 0.002055921052631579,
    "scr_db_mean": 12.753194749058986,